[
  {
    "id": "8f72606d-4fc4-4f31-8dd9-fef483c5f7ea",
    "data": [
      {
        "text": "could ",
        "userDefined": false
      },
      {
        "text": "be",
        "meta": "@sys.ignore",
        "userDefined": false
      },
      {
        "text": " ",
        "userDefined": false
      },
      {
        "text": "childish gambino",
        "alias": "gambino",
        "meta": "@GAMBINO",
        "userDefined": false
      }
    ],
    "isTemplate": false,
    "count": 0,
    "updated": 1544202652
  },
  {
    "id": "d654963d-e202-418f-bf35-27d2f9c9ea7f",
    "data": [
      {
        "text": "gambino",
        "alias": "gambino",
        "meta": "@GAMBINO",
        "userDefined": false
      },
      {
        "text": " something ",
        "userDefined": false
      },
      {
        "text": "childish gambino",
        "alias": "gambino",
        "meta": "@GAMBINO",
        "userDefined": false
      }
    ],
    "isTemplate": false,
    "count": 0,
    "updated": 1544202652
  },
  {
    "id": "32b40cf9-3779-4a5c-835d-5baf4a6026b7",
    "data": [
      {
        "text": "childish gambino",
        "alias": "gambino",
        "meta": "@GAMBINO",
        "userDefined": false
      },
      {
        "text": " or something like that",
        "userDefined": false
      }
    ],
    "isTemplate": false,
    "count": 0,
    "updated": 1544202652
  },
  {
    "id": "8188f8c5-17ac-4c42-adfe-d466514a5595",
    "data": [
      {
        "text": "wasn\u0027t it ",
        "userDefined": false
      },
      {
        "text": "gambino",
        "alias": "gambino",
        "meta": "@GAMBINO",
        "userDefined": false
      }
    ],
    "isTemplate": false,
    "count": 0,
    "updated": 1544021972
  },
  {
    "id": "23926635-eae6-4f1b-976a-5ac095686ff8",
    "data": [
      {
        "text": "childish",
        "alias": "gambino",
        "meta": "@GAMBINO",
        "userDefined": false
      }
    ],
    "isTemplate": false,
    "count": 0,
    "updated": 1544021972
  },
  {
    "id": "bcaab183-c1fa-4642-8ccd-24069732bc26",
    "data": [
      {
        "text": "I think ",
        "userDefined": false
      },
      {
        "text": "gambino",
        "alias": "gambino",
        "meta": "@GAMBINO",
        "userDefined": false
      }
    ],
    "isTemplate": false,
    "count": 0,
    "updated": 1544021972
  },
  {
    "id": "e7667313-ada6-4379-85cb-6520923de00f",
    "data": [
      {
        "text": "It\u0027s ",
        "userDefined": false
      },
      {
        "text": "childish gambino",
        "alias": "gambino",
        "meta": "@GAMBINO",
        "userDefined": false
      }
    ],
    "isTemplate": false,
    "count": 0,
    "updated": 1544021972
  }
]