[
  {
    "id": "ec16430a-7270-4413-87b5-fbdf657bfc36",
    "data": [
      {
        "text": "i think ",
        "userDefined": false
      },
      {
        "text": "crispr",
        "alias": "crispr",
        "meta": "@CRISPR",
        "userDefined": false
      },
      {
        "text": " but I don\u0027t know",
        "userDefined": false
      }
    ],
    "isTemplate": false,
    "count": 0,
    "updated": 1544202549
  },
  {
    "id": "72e08d69-4cfb-4a6b-8761-d7e05a446b7a",
    "data": [
      {
        "text": "let\u0027s say ",
        "userDefined": false
      },
      {
        "text": "crispr",
        "alias": "crispr",
        "meta": "@CRISPR",
        "userDefined": false
      }
    ],
    "isTemplate": false,
    "count": 0,
    "updated": 1544202549
  },
  {
    "id": "114abd7a-009b-4b36-bf10-1a7bc128fa6a",
    "data": [
      {
        "text": "might ",
        "userDefined": false
      },
      {
        "text": "be",
        "meta": "@sys.ignore",
        "userDefined": false
      },
      {
        "text": " ",
        "userDefined": false
      },
      {
        "text": "crispr",
        "alias": "crispr",
        "meta": "@CRISPR",
        "userDefined": false
      },
      {
        "text": " but i\u0027m not sure",
        "userDefined": false
      }
    ],
    "isTemplate": false,
    "count": 0,
    "updated": 1544202549
  },
  {
    "id": "497b9e26-4738-4253-8256-3e126c0826b9",
    "data": [
      {
        "text": "is it ",
        "userDefined": false
      },
      {
        "text": "crispr",
        "alias": "crispr",
        "meta": "@CRISPR",
        "userDefined": false
      }
    ],
    "isTemplate": false,
    "count": 0,
    "updated": 1544202549
  },
  {
    "id": "15da0615-e555-49d7-b849-e540225b3699",
    "data": [
      {
        "text": "was",
        "meta": "@sys.ignore",
        "userDefined": false
      },
      {
        "text": " it ",
        "userDefined": false
      },
      {
        "text": "crispr",
        "alias": "crispr",
        "meta": "@CRISPR",
        "userDefined": false
      }
    ],
    "isTemplate": false,
    "count": 0,
    "updated": 1544202549
  },
  {
    "id": "1bb50b15-a1b3-4c52-97b6-d8cb10b32981",
    "data": [
      {
        "text": "i\u0027m not sure, but i think it could ",
        "userDefined": false
      },
      {
        "text": "be",
        "meta": "@sys.ignore",
        "userDefined": false
      },
      {
        "text": " ",
        "userDefined": false
      },
      {
        "text": "crispr",
        "alias": "crispr",
        "meta": "@CRISPR",
        "userDefined": false
      }
    ],
    "isTemplate": false,
    "count": 0,
    "updated": 1544202549
  },
  {
    "id": "48f6d258-48ba-4e37-9b45-8cb8d4ebe099",
    "data": [
      {
        "text": "I think it\u0027s ",
        "userDefined": false
      },
      {
        "text": "crispr",
        "alias": "crispr",
        "meta": "@CRISPR",
        "userDefined": false
      }
    ],
    "isTemplate": false,
    "count": 0,
    "updated": 1544202549
  },
  {
    "id": "99271fe1-81c8-4178-b8ff-201f1b066dca",
    "data": [
      {
        "text": "crispr",
        "alias": "crispr",
        "meta": "@CRISPR",
        "userDefined": false
      },
      {
        "text": " wasn\u0027t it",
        "userDefined": false
      }
    ],
    "isTemplate": false,
    "count": 0,
    "updated": 1544202549
  },
  {
    "id": "ad9e78ad-8790-4f2a-b3d2-b201d7f5c5c7",
    "data": [
      {
        "text": "the answer is ",
        "userDefined": false
      },
      {
        "text": "crispr",
        "alias": "crispr",
        "meta": "@CRISPR",
        "userDefined": false
      }
    ],
    "isTemplate": false,
    "count": 0,
    "updated": 1543955276
  },
  {
    "id": "34ee3b88-d92c-4743-9579-abe36dab51cf",
    "data": [
      {
        "text": "Wasn\u0027t it ",
        "userDefined": false
      },
      {
        "text": "crispr",
        "alias": "crispr",
        "meta": "@CRISPR",
        "userDefined": false
      }
    ],
    "isTemplate": false,
    "count": 0,
    "updated": 1543955276
  },
  {
    "id": "0a0ef2e9-edb7-4d6f-ab69-e6600c6f599a",
    "data": [
      {
        "text": "It\u0027s ",
        "userDefined": false
      },
      {
        "text": "crispr",
        "alias": "crispr",
        "meta": "@CRISPR",
        "userDefined": false
      }
    ],
    "isTemplate": false,
    "count": 0,
    "updated": 1543955276
  },
  {
    "id": "4b5b7cc6-6265-4b1e-aff3-c096d07b950d",
    "data": [
      {
        "text": "CRISPR",
        "alias": "crispr",
        "meta": "@CRISPR",
        "userDefined": false
      }
    ],
    "isTemplate": false,
    "count": 2,
    "updated": 1543955276
  }
]