[
  {
    "id": "78548b28-74c5-43f4-873e-59c99fd0a363",
    "data": [
      {
        "text": "how does this work?",
        "userDefined": false
      }
    ],
    "isTemplate": false,
    "count": 0,
    "updated": 1544202132
  },
  {
    "id": "3b75b082-6d3e-4bb0-ba09-bb4c477cdcc1",
    "data": [
      {
        "text": "what\u0027s going on?",
        "userDefined": false
      }
    ],
    "isTemplate": false,
    "count": 0,
    "updated": 1544202132
  },
  {
    "id": "92360383-ab2f-43b2-ab4c-88055af7e1c3",
    "data": [
      {
        "text": "I don\u0027t get it",
        "userDefined": false
      }
    ],
    "isTemplate": false,
    "count": 0,
    "updated": 1544201998
  },
  {
    "id": "ebb69ea5-d7d8-43a3-9bf5-ef00590969c4",
    "data": [
      {
        "text": "I\u0027m confused",
        "userDefined": false
      }
    ],
    "isTemplate": false,
    "count": 0,
    "updated": 1544201998
  },
  {
    "id": "87567eb2-518a-4d5d-8443-df5a450d736e",
    "data": [
      {
        "text": "I\u0027m lost",
        "userDefined": false
      }
    ],
    "isTemplate": false,
    "count": 0,
    "updated": 1544201998
  },
  {
    "id": "c35d2b10-6ec8-4a4a-ab62-5911f3c9124a",
    "data": [
      {
        "text": "please help",
        "userDefined": false
      }
    ],
    "isTemplate": false,
    "count": 0,
    "updated": 1544201998
  },
  {
    "id": "a5ab3e4e-2bf6-4bc1-825d-aabe026d7019",
    "data": [
      {
        "text": "I could use some help",
        "userDefined": false
      }
    ],
    "isTemplate": false,
    "count": 0,
    "updated": 1544201998
  },
  {
    "id": "eff6f629-42cd-46c2-91e2-0ba25ef474e5",
    "data": [
      {
        "text": "I don\u0027t understand",
        "userDefined": false
      }
    ],
    "isTemplate": false,
    "count": 0,
    "updated": 1544201964
  },
  {
    "id": "e9fb82d0-5581-41d8-84c2-056664579eb8",
    "data": [
      {
        "text": "help please",
        "userDefined": false
      }
    ],
    "isTemplate": false,
    "count": 0,
    "updated": 1543581098
  },
  {
    "id": "4c18a52c-dec8-475f-99a8-62ef4ffdb0a6",
    "data": [
      {
        "text": "can I get some help",
        "userDefined": false
      }
    ],
    "isTemplate": false,
    "count": 0,
    "updated": 1543581098
  },
  {
    "id": "425cd4be-97f7-4226-9938-1672dd7e6721",
    "data": [
      {
        "text": "help me",
        "userDefined": false
      }
    ],
    "isTemplate": false,
    "count": 0,
    "updated": 1543581098
  },
  {
    "id": "b491a3af-c266-4fa2-a46d-fcf4fd464417",
    "data": [
      {
        "text": "I need help",
        "userDefined": false
      }
    ],
    "isTemplate": false,
    "count": 0,
    "updated": 1543581098
  },
  {
    "id": "1b62b253-6f01-43aa-a676-ccb468dd3a3f",
    "data": [
      {
        "text": "help",
        "userDefined": false
      }
    ],
    "isTemplate": false,
    "count": 0,
    "updated": 1543581098
  }
]