[
  {
    "id": "9cf91d72-0195-4382-8bce-69722462de98",
    "data": [
      {
        "text": "kane",
        "alias": "kane",
        "meta": "@Harry_Kane",
        "userDefined": false
      }
    ],
    "isTemplate": false,
    "count": 0,
    "updated": 1544626071
  },
  {
    "id": "d6d8a224-4d55-4d50-aab3-541724f498bb",
    "data": [
      {
        "text": "wasn\u0027t it ",
        "userDefined": false
      },
      {
        "text": "harry kane",
        "alias": "kane",
        "meta": "@Harry_Kane",
        "userDefined": false
      }
    ],
    "isTemplate": false,
    "count": 0,
    "updated": 1544626071
  },
  {
    "id": "75e06e2e-a81a-4fad-9385-29bbb9b5472f",
    "data": [
      {
        "text": "the answer is ",
        "userDefined": false
      },
      {
        "text": "harry kane",
        "alias": "kane",
        "meta": "@Harry_Kane",
        "userDefined": false
      }
    ],
    "isTemplate": false,
    "count": 0,
    "updated": 1544626071
  },
  {
    "id": "ca0a3122-458f-4d5b-b36d-2adacd9e3cfb",
    "data": [
      {
        "text": "harry kane",
        "alias": "kane",
        "meta": "@Harry_Kane",
        "userDefined": false
      },
      {
        "text": " wasn\u0027t it",
        "userDefined": false
      }
    ],
    "isTemplate": false,
    "count": 0,
    "updated": 1544626071
  },
  {
    "id": "7f7c2309-54ce-4032-8235-339a3e2e9c57",
    "data": [
      {
        "text": "I think it\u0027s ",
        "userDefined": false
      },
      {
        "text": "harry kane",
        "alias": "kane",
        "meta": "@Harry_Kane",
        "userDefined": false
      }
    ],
    "isTemplate": false,
    "count": 0,
    "updated": 1544626071
  },
  {
    "id": "9f740091-db85-4162-831d-23e2a9e3c16d",
    "data": [
      {
        "text": "I\u0027m not sure, but I think it could ",
        "userDefined": false
      },
      {
        "text": "be",
        "meta": "@sys.ignore",
        "userDefined": false
      },
      {
        "text": " ",
        "userDefined": false
      },
      {
        "text": "kane",
        "alias": "kane",
        "meta": "@Harry_Kane",
        "userDefined": false
      }
    ],
    "isTemplate": false,
    "count": 0,
    "updated": 1544626071
  },
  {
    "id": "b993f2fb-449a-4e76-904d-0ee0c86c2a0c",
    "data": [
      {
        "text": "was",
        "meta": "@sys.ignore",
        "userDefined": false
      },
      {
        "text": " it ",
        "userDefined": false
      },
      {
        "text": "harry kane",
        "alias": "kane",
        "meta": "@Harry_Kane",
        "userDefined": false
      }
    ],
    "isTemplate": false,
    "count": 0,
    "updated": 1544626071
  },
  {
    "id": "f462b036-f31b-48d6-8a03-32b880e5c9bd",
    "data": [
      {
        "text": "it is ",
        "userDefined": false
      },
      {
        "text": "kane",
        "alias": "kane",
        "meta": "@Harry_Kane",
        "userDefined": false
      }
    ],
    "isTemplate": false,
    "count": 0,
    "updated": 1544626071
  },
  {
    "id": "c502fa4c-9d92-43a6-9fb1-ee5ecfb389d2",
    "data": [
      {
        "text": "might ",
        "userDefined": false
      },
      {
        "text": "be",
        "meta": "@sys.ignore",
        "userDefined": false
      },
      {
        "text": " ",
        "userDefined": false
      },
      {
        "text": "harry kane",
        "alias": "kane",
        "meta": "@Harry_Kane",
        "userDefined": false
      },
      {
        "text": " but I\u0027m not sure",
        "userDefined": false
      }
    ],
    "isTemplate": false,
    "count": 0,
    "updated": 1544626071
  },
  {
    "id": "b1f68d01-dc5e-4a9d-9264-bdfe2e200972",
    "data": [
      {
        "text": "let\u0027s say ",
        "userDefined": false
      },
      {
        "text": "harry kane",
        "alias": "kane",
        "meta": "@Harry_Kane",
        "userDefined": false
      }
    ],
    "isTemplate": false,
    "count": 0,
    "updated": 1544626071
  },
  {
    "id": "17c0a408-be38-4ef5-bbee-829b404ee582",
    "data": [
      {
        "text": "I think ",
        "userDefined": false
      },
      {
        "text": "Harry Kane",
        "alias": "kane",
        "meta": "@Harry_Kane",
        "userDefined": false
      },
      {
        "text": " but I don\u0027t know",
        "userDefined": false
      }
    ],
    "isTemplate": false,
    "count": 0,
    "updated": 1544626071
  }
]