[
  {
    "id": "5b22a76a-1d43-4d9d-b260-fd8b6fb10356",
    "data": [
      {
        "text": "I don\u0027t know",
        "userDefined": false
      }
    ],
    "isTemplate": false,
    "count": 0,
    "updated": 1545229022
  },
  {
    "id": "06b34bc1-e7cf-4d83-b03f-a7d7462e296c",
    "data": [
      {
        "text": "say that again",
        "userDefined": false
      }
    ],
    "isTemplate": false,
    "count": 0,
    "updated": 1545219447
  },
  {
    "id": "1bf42fbd-e4d7-429c-8e84-be9717ed986a",
    "data": [
      {
        "text": "repeat please",
        "userDefined": false
      }
    ],
    "isTemplate": false,
    "count": 0,
    "updated": 1545219447
  },
  {
    "id": "fed6d91a-93a2-4fda-aa52-6c8e8da6ebc5",
    "data": [
      {
        "text": "what",
        "userDefined": false
      }
    ],
    "isTemplate": false,
    "count": 0,
    "updated": 1545219447
  },
  {
    "id": "1dee8617-b167-45df-a6e8-7dce006d7dc2",
    "data": [
      {
        "text": "can you repeat that",
        "userDefined": false
      }
    ],
    "isTemplate": false,
    "count": 0,
    "updated": 1545219447
  },
  {
    "id": "40af87cf-e44c-4ea7-9fdf-2580cc8029c9",
    "data": [
      {
        "text": "repeat",
        "userDefined": false
      }
    ],
    "isTemplate": false,
    "count": 0,
    "updated": 1545219447
  }
]