[
  {
    "id": "f2b06fe9-ab50-4ac9-b086-b9aebebaf8e1",
    "data": [
      {
        "text": "Wasn\u0027t it ",
        "userDefined": false
      },
      {
        "text": "GDPR",
        "alias": "gdpr",
        "meta": "@GDPR",
        "userDefined": false
      }
    ],
    "isTemplate": false,
    "count": 0,
    "updated": 1544613890
  },
  {
    "id": "d367e046-87cb-4b23-abde-80e334e11a19",
    "data": [
      {
        "text": "the answer is ",
        "userDefined": false
      },
      {
        "text": "GDPR",
        "alias": "gdpr",
        "meta": "@GDPR",
        "userDefined": false
      }
    ],
    "isTemplate": false,
    "count": 0,
    "updated": 1544613890
  },
  {
    "id": "ad917d04-77f8-4f90-abc7-7c97cb4cd680",
    "data": [
      {
        "text": "GDPR",
        "alias": "gdpr",
        "meta": "@GDPR",
        "userDefined": false
      },
      {
        "text": " wasn\u0027t it?",
        "userDefined": false
      }
    ],
    "isTemplate": false,
    "count": 0,
    "updated": 1544613890
  },
  {
    "id": "4c21d942-46e0-4d4f-bcc8-ca3c2cf689ee",
    "data": [
      {
        "text": "I think it\u0027s ",
        "userDefined": false
      },
      {
        "text": "GDPR",
        "alias": "gdpr",
        "meta": "@GDPR",
        "userDefined": false
      }
    ],
    "isTemplate": false,
    "count": 0,
    "updated": 1544613890
  },
  {
    "id": "260d5071-886f-46d3-aaab-479cf8f9bf94",
    "data": [
      {
        "text": "I\u0027m not sure but I think it should ",
        "userDefined": false
      },
      {
        "text": "be",
        "meta": "@sys.ignore",
        "userDefined": false
      },
      {
        "text": " ",
        "userDefined": false
      },
      {
        "text": "GDPR",
        "alias": "gdpr",
        "meta": "@GDPR",
        "userDefined": false
      }
    ],
    "isTemplate": false,
    "count": 0,
    "updated": 1544613890
  },
  {
    "id": "975298a2-c7f5-49f0-bb11-6a1bad615a5e",
    "data": [
      {
        "text": "was",
        "meta": "@sys.ignore",
        "userDefined": false
      },
      {
        "text": " it ",
        "userDefined": false
      },
      {
        "text": "GDPR",
        "alias": "gdpr",
        "meta": "@GDPR",
        "userDefined": false
      }
    ],
    "isTemplate": false,
    "count": 0,
    "updated": 1544613890
  },
  {
    "id": "e6d41359-4f86-45aa-931c-6aced3eb1483",
    "data": [
      {
        "text": "it is ",
        "userDefined": false
      },
      {
        "text": "GDPR",
        "alias": "gdpr",
        "meta": "@GDPR",
        "userDefined": false
      }
    ],
    "isTemplate": false,
    "count": 0,
    "updated": 1544613890
  },
  {
    "id": "a16f896b-dd3d-45f6-9b40-012f494d7eed",
    "data": [
      {
        "text": "Might ",
        "userDefined": false
      },
      {
        "text": "be",
        "meta": "@sys.ignore",
        "userDefined": false
      },
      {
        "text": " ",
        "userDefined": false
      },
      {
        "text": "GDPR",
        "alias": "gdpr",
        "meta": "@GDPR",
        "userDefined": false
      },
      {
        "text": " but I\u0027m not sure",
        "userDefined": false
      }
    ],
    "isTemplate": false,
    "count": 0,
    "updated": 1544613890
  },
  {
    "id": "26debcfd-24c2-4aac-90c3-a782adfd27a9",
    "data": [
      {
        "text": "Iet\u0027s say ",
        "userDefined": false
      },
      {
        "text": "GDPR",
        "alias": "gdpr",
        "meta": "@GDPR",
        "userDefined": false
      }
    ],
    "isTemplate": false,
    "count": 0,
    "updated": 1544613890
  },
  {
    "id": "c0dc09e4-a78e-4dc2-8c8c-c230ac0ee2bd",
    "data": [
      {
        "text": "I think ",
        "userDefined": false
      },
      {
        "text": "GDPR",
        "alias": "gdpr",
        "meta": "@GDPR",
        "userDefined": false
      },
      {
        "text": " but I don\u0027t know",
        "userDefined": false
      }
    ],
    "isTemplate": false,
    "count": 0,
    "updated": 1544613890
  }
]