[
  {
    "id": "23bbe1bf-72ee-455b-a8e5-dc0fc8093ff8",
    "data": [
      {
        "text": "technology",
        "alias": "topicChoice",
        "meta": "@Tech_Politics",
        "userDefined": false
      }
    ],
    "isTemplate": false,
    "count": 0,
    "updated": 1544794012
  },
  {
    "id": "ff913743-e312-405e-8f89-a181a84ebdec",
    "data": [
      {
        "text": "Can I have ",
        "userDefined": false
      },
      {
        "text": "politics",
        "alias": "topicChoice",
        "meta": "@Tech_Politics",
        "userDefined": false
      }
    ],
    "isTemplate": false,
    "count": 0,
    "updated": 1544794012
  },
  {
    "id": "61000df6-e9ab-4e4c-9cc1-b05d9c75d6c7",
    "data": [
      {
        "text": "tech",
        "alias": "topicChoice",
        "meta": "@Tech_Politics",
        "userDefined": false
      }
    ],
    "isTemplate": false,
    "count": 0,
    "updated": 1544613137
  },
  {
    "id": "4379bf20-287f-42da-921c-164bad4d35aa",
    "data": [
      {
        "text": "I\u0027ll have a go at ",
        "userDefined": false
      },
      {
        "text": "tech",
        "alias": "topicChoice",
        "meta": "@Tech_Politics",
        "userDefined": false
      }
    ],
    "isTemplate": false,
    "count": 0,
    "updated": 1544794012
  },
  {
    "id": "98e05674-68a4-47da-adee-7b92fc797d9e",
    "data": [
      {
        "text": "lets try ",
        "userDefined": false
      },
      {
        "text": "politics",
        "alias": "topicChoice",
        "meta": "@Tech_Politics",
        "userDefined": false
      }
    ],
    "isTemplate": false,
    "count": 0,
    "updated": 1544794012
  },
  {
    "id": "33739bd4-68fb-4a95-aa64-de42cd6a2336",
    "data": [
      {
        "text": "Let\u0027s do ",
        "userDefined": false
      },
      {
        "text": "tech",
        "alias": "topicChoice",
        "meta": "@Tech_Politics",
        "userDefined": false
      }
    ],
    "isTemplate": false,
    "count": 0,
    "updated": 1544794012
  },
  {
    "id": "7d4273e3-7d86-40bb-b5a3-ba3f17b590f8",
    "data": [
      {
        "text": "politics",
        "alias": "topicChoice",
        "meta": "@Tech_Politics",
        "userDefined": false
      },
      {
        "text": " please",
        "userDefined": false
      }
    ],
    "isTemplate": false,
    "count": 0,
    "updated": 1544794012
  },
  {
    "id": "c3e13930-d57d-4535-a39f-94722a070d51",
    "data": [
      {
        "text": "I want ",
        "userDefined": false
      },
      {
        "text": "tech",
        "alias": "topicChoice",
        "meta": "@Tech_Politics",
        "userDefined": false
      }
    ],
    "isTemplate": false,
    "count": 0,
    "updated": 1544613137
  }
]