[
  {
    "id": "0cc1c304-86cc-4d45-95d7-2ffe0582f3c7",
    "data": [
      {
        "text": "I guess I\u0027m ready",
        "userDefined": false
      }
    ],
    "isTemplate": false,
    "count": 0,
    "updated": 1544202059
  },
  {
    "id": "75794ffd-d306-43b6-be2c-557a589c74ec",
    "data": [
      {
        "text": "let\u0027s go",
        "userDefined": false
      }
    ],
    "isTemplate": false,
    "count": 0,
    "updated": 1544202059
  },
  {
    "id": "c578adcd-2b89-47e2-a9ce-bc2f2bdd1c56",
    "data": [
      {
        "text": "ready to go",
        "userDefined": false
      }
    ],
    "isTemplate": false,
    "count": 0,
    "updated": 1544202059
  },
  {
    "id": "ffd687bd-1e85-4a7c-b721-45af46771d2a",
    "data": [
      {
        "text": "ready to begin",
        "userDefined": false
      }
    ],
    "isTemplate": false,
    "count": 0,
    "updated": 1543836573
  },
  {
    "id": "2d905ffe-cbca-455b-907e-d2d3bccb9f6e",
    "data": [
      {
        "text": "I\u0027m ready",
        "userDefined": false
      }
    ],
    "isTemplate": false,
    "count": 0,
    "updated": 1543249336
  },
  {
    "id": "f7da3fd0-6243-4a99-a013-b4c1cb8b7637",
    "data": [
      {
        "text": "ready",
        "userDefined": false
      }
    ],
    "isTemplate": false,
    "count": 0,
    "updated": 1543249336
  }
]