[
  {
    "id": "518c0fb1-02c9-4289-ba07-4fbb6202f81b",
    "data": [
      {
        "text": "help me",
        "userDefined": false
      }
    ],
    "isTemplate": false,
    "count": 0,
    "updated": 1543317634
  },
  {
    "id": "4d07e0b8-a18f-4ae8-8e93-692e05b0e7c1",
    "data": [
      {
        "text": "what",
        "userDefined": false
      }
    ],
    "isTemplate": false,
    "count": 0,
    "updated": 1543317634
  },
  {
    "id": "6671da0b-4fd4-40df-9b07-e42d5c3cfc27",
    "data": [
      {
        "text": "I don\u0027t understand",
        "userDefined": false
      }
    ],
    "isTemplate": false,
    "count": 0,
    "updated": 1543317634
  },
  {
    "id": "37a76805-ab72-4c5b-8963-ef929976fb9d",
    "data": [
      {
        "text": "I need help",
        "userDefined": false
      }
    ],
    "isTemplate": false,
    "count": 0,
    "updated": 1543317634
  },
  {
    "id": "a00d9e9a-fbaf-44a7-a654-6c414e18ea31",
    "data": [
      {
        "text": "help",
        "userDefined": false
      }
    ],
    "isTemplate": false,
    "count": 0,
    "updated": 1543317634
  }
]