[
  {
    "id": "7936798d-cffa-4d73-9a5e-abcd9e89f158",
    "data": [
      {
        "text": "I don\u0027t know",
        "userDefined": false
      }
    ],
    "isTemplate": false,
    "count": 0,
    "updated": 1545229004
  },
  {
    "id": "fb95cba9-f6ee-46eb-b79d-9e8c6142fd31",
    "data": [
      {
        "text": "repeat please",
        "userDefined": false
      }
    ],
    "isTemplate": false,
    "count": 0,
    "updated": 1545229004
  },
  {
    "id": "986eee88-9355-44e5-8d08-1955884c4c4a",
    "data": [
      {
        "text": "say that again",
        "userDefined": false
      }
    ],
    "isTemplate": false,
    "count": 0,
    "updated": 1545229004
  },
  {
    "id": "d39770ed-4d80-4e35-91d4-da6a04fa2e4b",
    "data": [
      {
        "text": "repeat",
        "userDefined": false
      }
    ],
    "isTemplate": false,
    "count": 0,
    "updated": 1545229004
  },
  {
    "id": "99fc657d-1c7c-49d7-90be-17e495746536",
    "data": [
      {
        "text": "what",
        "userDefined": false
      }
    ],
    "isTemplate": false,
    "count": 0,
    "updated": 1544098019
  }
]